time	geo	champ	r	rb
2024-01-01	DE	md	NA	NA
2024-01-01	DE	mdhfi	NA	NA
2024-01-01	DE	mdhi	NA	NA
2024-01-01	DE	mdhifi	NA	NA
2024-01-01	DE	mdhim	NA	NA
2024-01-01	DE	mdhimfi	NA	NA
2024-01-01	DE	tb	NA	NA
2024-01-01	FR	md	0.025058981215758707	0.03411843711605543
2024-01-01	FR	mdhfi	0.02939149472490651	0.036912334882125135
2024-01-01	FR	mdhi	0.016468631510508536	0.05227868424109112
2024-01-01	FR	mdhifi	0.033901279316375404	0.06525264687967798
2024-01-01	FR	mdhim	0.022090795601706983	0.04199062491369012
2024-01-01	FR	mdhimfi	0.018246587627789246	0.03512074361925677
2024-01-01	FR	tb	0.028429365509993088	0.03632947773605262
2024-01-01	IT	md	NA	NA
2024-01-01	IT	mdhfi	NA	NA
2024-01-01	IT	mdhi	NA	NA
2024-01-01	IT	mdhifi	NA	NA
2024-01-01	IT	mdhim	NA	NA
2024-01-01	IT	mdhimfi	NA	NA
2024-01-01	IT	tb	NA	NA
2024-01-01	ES	md	NA	NA
2024-01-01	ES	mdhfi	NA	NA
2024-01-01	ES	mdhi	NA	NA
2024-01-01	ES	mdhifi	NA	NA
2024-01-01	ES	mdhim	NA	NA
2024-01-01	ES	mdhimfi	NA	NA
2024-01-01	ES	tb	NA	NA
2024-01-01	NL	md	NA	NA
2024-01-01	NL	mdhfi	NA	NA
2024-01-01	NL	mdhi	NA	NA
2024-01-01	NL	mdhifi	NA	NA
2024-01-01	NL	mdhim	NA	NA
2024-01-01	NL	mdhimfi	NA	NA
2024-01-01	NL	tb	NA	NA
2024-01-01	BE	md	0.034649164908144646	0.05016050834568012
2024-01-01	BE	mdhfi	0.03328225473674894	0.04541425113962875
2024-01-01	BE	mdhi	0.04487215902058352	0.07788271137997813
2024-01-01	BE	mdhifi	0.042412704965882335	0.06894025519306037
2024-01-01	BE	mdhim	0.04875465770343566	0.07730107711145182
2024-01-01	BE	mdhimfi	0.03642201849415951	0.05920261986717367
2024-01-01	BE	tb	0.03711478713471652	0.05099550825836361
2023-01-01	DE	md	0.035488842724249854	0.04496346601385719
2023-01-01	DE	mdhfi	0.03495392762804384	0.04343138015765845
2023-01-01	DE	mdhi	0.08905065353312008	0.11675060727152771
2023-01-01	DE	mdhifi	0.09034492684733214	0.11601678046901116
2023-01-01	DE	mdhim	0.0711706136013427	0.0918170082701336
2023-01-01	DE	mdhimfi	0.06641916720752082	0.08529242548251659
2023-01-01	DE	tb	0.03243413652979793	0.04059434347297278
2023-01-01	FR	md	0.02596270511012462	0.03493736246459649
2023-01-01	FR	mdhfi	0.0312575639859721	0.03867343838394154
2023-01-01	FR	mdhi	0.023298403110086113	0.05909675400738713
2023-01-01	FR	mdhifi	0.045371290128591486	0.07655623265777478
2023-01-01	FR	mdhim	0.02557808915001644	0.045422491361195236
2023-01-01	FR	mdhimfi	0.02436509574149874	0.04111189990473038
2023-01-01	FR	tb	0.028933554648546352	0.03676286409995388
2023-01-01	IT	md	0.06401307583575683	0.07348535303866206
2023-01-01	IT	mdhfi	0.06026462653448157	0.06791719023340387
2023-01-01	IT	mdhi	0.11355709669357923	0.13747360786458557
2023-01-01	IT	mdhifi	0.1059388492114921	0.12575232960850807
2023-01-01	IT	mdhim	0.10311524611647647	0.12259358379486925
2023-01-01	IT	mdhimfi	0.08561063048555977	0.10162217451805629
2023-01-01	IT	tb	0.06209150855720317	0.07040302700529567
2023-01-01	ES	md	0.057624537197886516	0.0659625256203849
2023-01-01	ES	mdhfi	0.05093292623780703	0.05802369635171563
2023-01-01	ES	mdhi	0.07074585109432105	0.08671432728616618
2023-01-01	ES	mdhifi	0.05810990901817003	0.07185621708036813
2023-01-01	ES	mdhim	0.06650587607656969	0.07923583996201278
2023-01-01	ES	mdhimfi	0.04608511158334385	0.056986869159789774
2023-01-01	ES	tb	0.05292168778726469	0.06000675413721737
2023-01-01	NL	md	0.06287902525577738	0.08314226157991902
2023-01-01	NL	mdhfi	0.05977056129845734	0.0776464530509046
2023-01-01	NL	mdhi	0.12976060365411415	0.18077811639141467
2023-01-01	NL	mdhifi	0.12593126341503624	0.17268251138634885
2023-01-01	NL	mdhim	0.09858211053824038	0.13601405333664918
2023-01-01	NL	mdhimfi	0.0908413670362615	0.1245656953817055
2023-01-01	NL	tb	0.05036694486825839	0.06664282719240543
2023-01-01	BE	md	0.03708257244064999	0.050786905346135273
2023-01-01	BE	mdhfi	0.035971602984337346	0.046721263518195694
2023-01-01	BE	mdhi	0.04836398735911028	0.07732501906100785
2023-01-01	BE	mdhifi	0.04655841410225897	0.06992141019198148
2023-01-01	BE	mdhim	0.052142616404960346	0.07729244077564176
2023-01-01	BE	mdhimfi	0.04014624360481969	0.06029161475720484
2023-01-01	BE	tb	0.03916655003438244	0.051417699224721246
2022-01-01	DE	md	0.03415097081138925	0.04409136337872557
2022-01-01	DE	mdhfi	0.03350936472269193	0.04300716374192243
2022-01-01	DE	mdhi	0.08373150843921504	0.11245053362312168
2022-01-01	DE	mdhifi	0.08449181971250386	0.11290180997787153
2022-01-01	DE	mdhim	0.06768020653979034	0.08915773484557407
2022-01-01	DE	mdhimfi	0.06233774628533891	0.08329853007668797
2022-01-01	DE	tb	0.03171185274298452	0.040263366293460175
2022-01-01	FR	md	0.017742665037462996	0.028047151064878557
2022-01-01	FR	mdhfi	0.021330234064976868	0.029649849841355522
2022-01-01	FR	mdhi	0.00520682169408947	0.04654253560559636
2022-01-01	FR	mdhifi	0.019472719102788312	0.05465980234096982
2022-01-01	FR	mdhim	0.011866961260368188	0.034752532293686286
2022-01-01	FR	mdhimfi	0.010443670648038939	0.029315319053426714
2022-01-01	FR	tb	0.020842384977151	0.029824460773132368
2022-01-01	IT	md	0.05587804881645641	0.06462473476829164
2022-01-01	IT	mdhfi	0.05351297930705175	0.06056052831478746
2022-01-01	IT	mdhi	0.09534003593438094	0.11724759743665741
2022-01-01	IT	mdhifi	0.09093574514996261	0.10903630018904144
2022-01-01	IT	mdhim	0.08715978548263287	0.10495915161505545
2022-01-01	IT	mdhimfi	0.07330138238036275	0.0878918572703886
2022-01-01	IT	tb	0.05427855443814957	0.06192828691651483
2022-01-01	ES	md	0.053538991646712566	0.06085666941988994
2022-01-01	ES	mdhfi	0.0504746740782682	0.05666166165169451
2022-01-01	ES	mdhi	0.06501539368744534	0.07885833511869157
2022-01-01	ES	mdhifi	0.05944601034998763	0.071293505460902
2022-01-01	ES	mdhim	0.06165957640522516	0.07281139090007234
2022-01-01	ES	mdhimfi	0.04764852482513195	0.057144799875121916
2022-01-01	ES	tb	0.04877269775928153	0.05498003014232019
2022-01-01	NL	md	0.06990491240567072	0.08885351068171495
2022-01-01	NL	mdhfi	0.06430497500009001	0.08092227860725747
2022-01-01	NL	mdhi	0.15920439077259435	0.2067475417008809
2022-01-01	NL	mdhifi	0.15050525355082142	0.19385887747582778
2022-01-01	NL	mdhim	0.120602675677404	0.15556351815786618
2022-01-01	NL	mdhimfi	0.10876865452365901	0.14009988869519813
2022-01-01	NL	tb	0.05609093974337171	0.07127678545082484
2022-01-01	BE	md	0.03889233105588924	0.05250201698920762
2022-01-01	BE	mdhfi	0.03629655986385463	0.048028960458359776
2022-01-01	BE	mdhi	0.05480322894617068	0.08383967845574786
2022-01-01	BE	mdhifi	0.0499893956097457	0.07576335682450853
2022-01-01	BE	mdhim	0.05752806518707952	0.08280141981370857
2022-01-01	BE	mdhimfi	0.04319815319106133	0.06547062740914804
2022-01-01	BE	tb	0.04035189453309485	0.052538827618114015
2021-01-01	DE	md	0.03824503158532913	0.04838271301789787
2021-01-01	DE	mdhfi	0.037174912602418043	0.046257144948788735
2021-01-01	DE	mdhi	0.08294573583563532	0.1116163269159834
2021-01-01	DE	mdhifi	0.08222590254553054	0.10880751719624765
2021-01-01	DE	mdhim	0.07205441844468397	0.09357804631858138
2021-01-01	DE	mdhimfi	0.0609094150901688	0.08059993292463004
2021-01-01	DE	tb	0.036982879781749294	0.04569135023295702
2021-01-01	FR	md	0.02363754367808184	0.03250399864650793
2021-01-01	FR	mdhfi	0.02695152680502242	0.033894691615624965
2021-01-01	FR	mdhi	0.02372347525183484	0.059041615665562944
2021-01-01	FR	mdhifi	0.03764628080276709	0.06680307806008025
2021-01-01	FR	mdhim	0.022944405609923876	0.0425835344900767
2021-01-01	FR	mdhimfi	0.02028180165377066	0.03598992384332209
2021-01-01	FR	tb	0.027324452751663217	0.03504903255755276
2021-01-01	IT	md	0.05259977647261477	0.0587146757227388
2021-01-01	IT	mdhfi	0.050824021156960886	0.055929730229853696
2021-01-01	IT	mdhi	0.08254967334718431	0.09774206750108835
2021-01-01	IT	mdhifi	0.07926462882042504	0.09226237958219724
2021-01-01	IT	mdhim	0.07733759875911998	0.08970279688122382
2021-01-01	IT	mdhimfi	0.06402254415195835	0.07452090999817904
2021-01-01	IT	tb	0.05175632345715634	0.0570948044692521
2021-01-01	ES	md	0.044652244035590226	0.05173081120971626
2021-01-01	ES	mdhfi	0.042861679998502294	0.04845023955050246
2021-01-01	ES	mdhi	0.04559564690817647	0.058741111043150544
2021-01-01	ES	mdhifi	0.04225515905519622	0.05275724502018714
2021-01-01	ES	mdhim	0.04638446385016707	0.05718206153574219
2021-01-01	ES	mdhimfi	0.03454876915154163	0.04313551102465021
2021-01-01	ES	tb	0.04179176737788808	0.047775051116018916
2021-01-01	NL	md	0.060746761088966046	0.07697089888753858
2021-01-01	NL	mdhfi	0.05479219502391832	0.06772442025598878
2021-01-01	NL	mdhi	0.14457451931599632	0.18540574188410477
2021-01-01	NL	mdhifi	0.13458705095281182	0.16844427613520274
2021-01-01	NL	mdhim	0.11042257474213812	0.1403800076664102
2021-01-01	NL	mdhimfi	0.09701849315402943	0.12142483051202621
2021-01-01	NL	tb	0.049738479628688353	0.06275169234549499
2021-01-01	BE	md	0.03383111636468959	0.04700709812739612
2021-01-01	BE	mdhfi	0.029175865081929857	0.04039489517331661
2021-01-01	BE	mdhi	0.049602181559204775	0.07863142586321342
2021-01-01	BE	mdhifi	0.039953096984310876	0.06547692585625793
2021-01-01	BE	mdhim	0.05181067217119342	0.0770762906182433
2021-01-01	BE	mdhimfi	0.03450603473053773	0.05655003612190816
2021-01-01	BE	tb	0.03664181729271362	0.04848891713587768
2020-01-01	DE	md	0.03483868528979801	0.04235030465217479
2020-01-01	DE	mdhfi	0.034082500328314794	0.04066818806236422
2020-01-01	DE	mdhi	0.06544905881538196	0.08618185036879361
2020-01-01	DE	mdhifi	0.06489739317935224	0.08368240546221857
2020-01-01	DE	mdhim	0.06175814290463158	0.07741561509684064
2020-01-01	DE	mdhimfi	0.04838951493673261	0.06239620438782251
2020-01-01	DE	tb	0.0357801404526354	0.04221273038779369
2020-01-01	FR	md	0.021712713388862215	0.030216488227995542
2020-01-01	FR	mdhfi	0.02494079330246981	0.03143981854019394
2020-01-01	FR	mdhi	0.008168733233265942	0.04167844793596009
2020-01-01	FR	mdhifi	0.020602254725823	0.0475656285078189
2020-01-01	FR	mdhim	0.015624782868492611	0.03437615811127476
2020-01-01	FR	mdhimfi	0.01117988693099079	0.025811657781921946
2020-01-01	FR	tb	0.025653351406710077	0.03306048435975496
2020-01-01	IT	md	0.044631048068197406	0.05105636616588561
2020-01-01	IT	mdhfi	0.04160083854286499	0.04699104923961174
2020-01-01	IT	mdhi	0.05862140770046411	0.07448756838286429
2020-01-01	IT	mdhifi	0.05152381717583222	0.06515362398486252
2020-01-01	IT	mdhim	0.0587269701553928	0.07167625454980764
2020-01-01	IT	mdhimfi	0.041741817297724366	0.052783951534096235
2020-01-01	IT	tb	0.04467230828038163	0.050276143437649794
2020-01-01	ES	md	0.04367432875740265	0.04884962086742439
2020-01-01	ES	mdhfi	0.040613277904024914	0.04509340686395451
2020-01-01	ES	mdhi	0.039936531909022945	0.049477221161398736
2020-01-01	ES	mdhifi	0.034121101180712925	0.04248331760297916
2020-01-01	ES	mdhim	0.042820999999473	0.050676392020413324
2020-01-01	ES	mdhimfi	0.02795914693848972	0.03481122467312479
2020-01-01	ES	tb	0.0431316939169978	0.04750887246332689
2020-01-01	NL	md	0.05331220539698922	0.06587930469424129
2020-01-01	NL	mdhfi	0.04344737234167459	0.0536788264222775
2020-01-01	NL	mdhi	0.12340177525397741	0.15440190633275575
2020-01-01	NL	mdhifi	0.10277843143067303	0.129018329466546
2020-01-01	NL	mdhim	0.09653959076577297	0.11947294548218762
2020-01-01	NL	mdhimfi	0.07473615742726056	0.0938167088930325
2020-01-01	NL	tb	0.04333939388363851	0.05339191663934414
2020-01-01	BE	md	0.03284714425242948	0.044000334785369986
2020-01-01	BE	mdhfi	0.028884966780532748	0.03788994908917305
2020-01-01	BE	mdhi	0.04595164762354018	0.07036364652539893
2020-01-01	BE	mdhifi	0.03780420246105297	0.05818365521412926
2020-01-01	BE	mdhim	0.04903093047442719	0.07035967075645681
2020-01-01	BE	mdhimfi	0.032770668536111165	0.05043664870872395
2020-01-01	BE	tb	0.035193851987353045	0.04522372162244926
2019-01-01	DE	md	0.038207306491155814	0.04763958227282592
2019-01-01	DE	mdhfi	0.03743199668186436	0.0460199788566109
2019-01-01	DE	mdhi	0.07268657779947083	0.09857021422045324
2019-01-01	DE	mdhifi	0.07226641930296315	0.09660520972214257
2019-01-01	DE	mdhim	0.06799974859759345	0.08754618235646414
2019-01-01	DE	mdhimfi	0.05389303740003845	0.07204380998548396
2019-01-01	DE	tb	0.03923515248727323	0.047315034071774995
2019-01-01	FR	md	0.02699235775560057	0.03602723659519628
2019-01-01	FR	mdhfi	0.03033335700680184	0.037342476799256494
2019-01-01	FR	mdhi	0.02582970374672185	0.061191906711490114
2019-01-01	FR	mdhifi	0.039496373960744326	0.06833573293242506
2019-01-01	FR	mdhim	0.0258999332862754	0.0457524552467661
2019-01-01	FR	mdhimfi	0.021523654019716322	0.03723973938172458
2019-01-01	FR	tb	0.030465920479747676	0.03832723874976822
2019-01-01	IT	md	0.052647853208763445	0.05925857310455347
2019-01-01	IT	mdhfi	0.04982251897314496	0.05538013367248388
2019-01-01	IT	mdhi	0.07562015624772278	0.09180737981873484
2019-01-01	IT	mdhifi	0.06944701989841612	0.08337330288624636
2019-01-01	IT	mdhim	0.07397276769703752	0.08721248682326667
2019-01-01	IT	mdhimfi	0.05639626251922113	0.06770546358281565
2019-01-01	IT	tb	0.05258170799962441	0.0583438346088465
2019-01-01	ES	md	0.06628312943336467	0.07239922807407217
2019-01-01	ES	mdhfi	0.06438341165242678	0.0694873995327566
2019-01-01	ES	mdhi	0.07979609592510557	0.09098857625922485
2019-01-01	ES	mdhifi	0.07664264118790182	0.0860976052858096
2019-01-01	ES	mdhim	0.07674879339184011	0.08603229956981494
2019-01-01	ES	mdhimfi	0.06327848918740185	0.07108479432203195
2019-01-01	ES	tb	0.062302179933135894	0.06747080915023937
2019-01-01	NL	md	0.06109365209879134	0.07682702624558893
2019-01-01	NL	mdhfi	0.051529459850527724	0.06406105239205233
2019-01-01	NL	mdhi	0.13699709613789657	0.1748433512553758
2019-01-01	NL	mdhifi	0.11804167305614238	0.14932842650655112
2019-01-01	NL	mdhim	0.10846256036956929	0.13668116629749408
2019-01-01	NL	mdhimfi	0.08658470000570102	0.10953383391341472
2019-01-01	NL	tb	0.04992789356308084	0.06243715984550853
2019-01-01	BE	md	0.03604870587034892	0.04952364565953239
2019-01-01	BE	mdhfi	0.03151472228268544	0.04254046598669255
2019-01-01	BE	mdhi	0.05235396748737008	0.08142338219320132
2019-01-01	BE	mdhifi	0.04328299870700848	0.06788824590685281
2019-01-01	BE	mdhim	0.054899134392713	0.08041376997512328
2019-01-01	BE	mdhimfi	0.037694072359091536	0.059122161818477556
2019-01-01	BE	tb	0.03766065511069197	0.04976842050607287
2018-01-01	DE	md	0.041803217830417856	0.05195348232802256
2018-01-01	DE	mdhfi	0.041349190728936135	0.05066247091737285
2018-01-01	DE	mdhi	0.0790046519709477	0.10665985636646605
2018-01-01	DE	mdhifi	0.07964173314151601	0.10584304120982167
2018-01-01	DE	mdhim	0.0738490899632056	0.09470213419214181
2018-01-01	DE	mdhimfi	0.05930219239199219	0.07881200151715989
2018-01-01	DE	tb	0.04275044693534257	0.05144602320952675
2018-01-01	FR	md	0.027015472390445657	0.035526291769581386
2018-01-01	FR	mdhfi	0.029236370262945333	0.03599501966108566
2018-01-01	FR	mdhi	0.025091719879327776	0.05857000939482615
2018-01-01	FR	mdhifi	0.03413005473950196	0.06202085723234828
2018-01-01	FR	mdhim	0.025498510651218092	0.04423101874027788
2018-01-01	FR	mdhimfi	0.018559213122971464	0.03372565078579579
2018-01-01	FR	tb	0.030517567935283478	0.03791013394674028
2018-01-01	IT	md	0.05340385045120289	0.059617391778539384
2018-01-01	IT	mdhfi	0.05025461205974514	0.055476032228652834
2018-01-01	IT	mdhi	0.07936712789920419	0.0946644524982442
2018-01-01	IT	mdhifi	0.07244941124347652	0.08560278935146051
2018-01-01	IT	mdhim	0.07643411048140983	0.08892887037688199
2018-01-01	IT	mdhimfi	0.05875516914345092	0.06942232215792006
2018-01-01	IT	tb	0.053123542581481165	0.058532841201767404
2018-01-01	ES	md	0.06784718062689671	0.07520969236483045
2018-01-01	ES	mdhfi	0.06581240737978887	0.07192470920517935
2018-01-01	ES	mdhi	0.08125489646927589	0.0946035611224427
2018-01-01	ES	mdhifi	0.07790511675482303	0.08913057910215529
2018-01-01	ES	mdhim	0.0785850059627999	0.08976939264541904
2018-01-01	ES	mdhimfi	0.06496984579849525	0.07433144601300029
2018-01-01	ES	tb	0.0638748612252498	0.07007259521030894
2018-01-01	NL	md	0.06182187015423631	0.0775902966598494
2018-01-01	NL	mdhfi	0.05238522518845406	0.06432592482151035
2018-01-01	NL	mdhi	0.13492211119956915	0.17236090294765366
2018-01-01	NL	mdhifi	0.11639970020621981	0.1458100132678247
2018-01-01	NL	mdhim	0.10744162154526421	0.13539806992775927
2018-01-01	NL	mdhimfi	0.08551979390268453	0.10712778694034601
2018-01-01	NL	tb	0.0506803142521048	0.06314562784627023
2018-01-01	BE	md	0.03185748044325861	0.04756667778972282
2018-01-01	BE	mdhfi	0.02745399644607975	0.04064881536931486
2018-01-01	BE	mdhi	0.0424142378740691	0.07604843601313205
2018-01-01	BE	mdhifi	0.033346390468198824	0.06257757607183538
2018-01-01	BE	mdhim	0.04637290983497201	0.07604462274701769
2018-01-01	BE	mdhimfi	0.029193850904584685	0.05478495273884874
2018-01-01	BE	tb	0.03391716253422882	0.048019980910039395
2017-01-01	DE	md	0.04716050072178687	0.05695524442597451
2017-01-01	DE	mdhfi	0.046426193384888376	0.05536422676746511
2017-01-01	DE	mdhi	0.08930188442800478	0.11585834328178651
2017-01-01	DE	mdhifi	0.089420799159707	0.1144437860079861
2017-01-01	DE	mdhim	0.08329156505674269	0.1033252336553489
2017-01-01	DE	mdhimfi	0.0666129609396364	0.08525353741827445
2017-01-01	DE	tb	0.04842168814050376	0.056812427555538274
2017-01-01	FR	md	0.027821054721461815	0.03739370766425434
2017-01-01	FR	mdhfi	0.030847688386705447	0.038351537391311814
2017-01-01	FR	mdhi	0.025744967680670902	0.0635162323476272
2017-01-01	FR	mdhifi	0.03812766214353788	0.06915913210795369
2017-01-01	FR	mdhim	0.026327131610646017	0.04742164750874255
2017-01-01	FR	mdhimfi	0.020704976958176677	0.03755641327684634
2017-01-01	FR	tb	0.03155118755790693	0.039855996598491934
2017-01-01	IT	md	0.0530135969413442	0.05995207474130587
2017-01-01	IT	mdhfi	0.050047749226582026	0.05585706910502408
2017-01-01	IT	mdhi	0.07719934429057372	0.09420991292354561
2017-01-01	IT	mdhifi	0.07069925823124978	0.08526862731843513
2017-01-01	IT	mdhim	0.07502591938392088	0.0889312569975137
2017-01-01	IT	mdhimfi	0.057387000224414904	0.06921304208105106
2017-01-01	IT	tb	0.05325557057482368	0.059284420018949714
2017-01-01	ES	md	0.06933264289130202	0.07593092015682591
2017-01-01	ES	mdhfi	0.06795802636227424	0.07358374904720386
2017-01-01	ES	mdhi	0.08368674746487605	0.09556558179681042
2017-01-01	ES	mdhifi	0.08162108320333498	0.09188798298396088
2017-01-01	ES	mdhim	0.08069691942331585	0.0907368861718238
2017-01-01	ES	mdhimfi	0.06865795824518305	0.07729426088637233
2017-01-01	ES	tb	0.06484570258179527	0.0703848096462574
2017-01-01	NL	md	0.06414841511901229	0.07886805002717821
2017-01-01	NL	mdhfi	0.05339675154632866	0.06460193946595803
2017-01-01	NL	mdhi	0.13981180757562933	0.1741717952383136
2017-01-01	NL	mdhifi	0.11865975869833469	0.14577802166648862
2017-01-01	NL	mdhim	0.1124569040759987	0.13820905976481107
2017-01-01	NL	mdhimfi	0.08752238089630013	0.10752457006962185
2017-01-01	NL	tb	0.0527182925531156	0.06430708860940038
2017-01-01	BE	md	0.0325530261637058	0.04742962683702099
2017-01-01	BE	mdhfi	0.028051130923166426	0.040241657850590945
2017-01-01	BE	mdhi	0.04469413647907588	0.07666792557010318
2017-01-01	BE	mdhifi	0.03547095066536537	0.06258174739385414
2017-01-01	BE	mdhim	0.0481956667631388	0.07649090043532691
2017-01-01	BE	mdhimfi	0.03115719470131747	0.05497094528686763
2017-01-01	BE	tb	0.03403372540536348	0.04740340080929835
2016-01-01	DE	md	0.04576525506617583	0.05529652675036304
2016-01-01	DE	mdhfi	0.0451772364126559	0.05367368578842028
2016-01-01	DE	mdhi	0.08289773255715938	0.10867500005414348
2016-01-01	DE	mdhifi	0.08316290871402286	0.106885237128148
2016-01-01	DE	mdhim	0.07965082314572862	0.09909633922276394
2016-01-01	DE	mdhimfi	0.061953824476819234	0.07962623388957889
2016-01-01	DE	tb	0.047838570093673066	0.05600000650006799
2016-01-01	FR	md	0.03057013116972805	0.03899240231429887
2016-01-01	FR	mdhfi	0.031953393566341755	0.03846084015341461
2016-01-01	FR	mdhi	0.03424464586718912	0.06749810214830135
2016-01-01	FR	mdhifi	0.0401885475142943	0.0670755403447394
2016-01-01	FR	mdhim	0.03142649035341399	0.050014518573115535
2016-01-01	FR	mdhimfi	0.021864609478092458	0.03649249813390563
2016-01-01	FR	tb	0.03417071500633983	0.04147066956275054
2016-01-01	IT	md	0.05144201492099999	0.05845075790544935
2016-01-01	IT	mdhfi	0.0476346279647715	0.0535166438177745
2016-01-01	IT	mdhi	0.07334655131524707	0.09050206775889236
2016-01-01	IT	mdhifi	0.0646588462349411	0.07938462189532024
2016-01-01	IT	mdhim	0.07175771697344176	0.08575994382689353
2016-01-01	IT	mdhimfi	0.052402942529206936	0.06433748854360576
2016-01-01	IT	tb	0.05171977915465387	0.05779890706860318
2016-01-01	ES	md	0.06720981128357145	0.07377610401782257
2016-01-01	ES	mdhfi	0.0665745593071947	0.07212910640098548
2016-01-01	ES	mdhi	0.07969803763185267	0.09154399051859188
2016-01-01	ES	mdhifi	0.07893307345467898	0.08909587355685317
2016-01-01	ES	mdhim	0.07736852337031982	0.08742819120830629
2016-01-01	ES	mdhimfi	0.06671048582116959	0.07529960192227693
2016-01-01	ES	tb	0.06256161241112865	0.06806434154621041
2016-01-01	NL	md	0.058308592079157416	0.07299894123501324
2016-01-01	NL	mdhfi	0.04587675816772817	0.0573608950600046
2016-01-01	NL	mdhi	0.13119876274200803	0.16568750108366997
2016-01-01	NL	mdhifi	0.10562234960755675	0.13357913709167657
2016-01-01	NL	mdhim	0.10566954232302006	0.13140635094149716
2016-01-01	NL	mdhimfi	0.07755381775288081	0.09808124977418409
2016-01-01	NL	tb	0.048366729279107186	0.05993194949367386
2016-01-01	BE	md	0.03581655020907264	0.04842021811150783
2016-01-01	BE	mdhfi	0.03127682873242155	0.0415199780832839
2016-01-01	BE	mdhi	0.050733967438067594	0.07754871212183424
2016-01-01	BE	mdhifi	0.04171328293252	0.06425762038968108
2016-01-01	BE	mdhim	0.05387362582247038	0.07773278489836441
2016-01-01	BE	mdhimfi	0.03685118810586574	0.05676776052477432
2016-01-01	BE	tb	0.03728138934272653	0.04859870142814213
2015-01-01	DE	md	0.046244256887999435	0.05463969081673506
2015-01-01	DE	mdhfi	0.04496464623469533	0.052421701031904605
2015-01-01	DE	mdhi	0.08225748398801351	0.10478231602035297
2015-01-01	DE	mdhifi	0.08058661211253187	0.10124698649838396
2015-01-01	DE	mdhim	0.07956823802129631	0.09655218970344599
2015-01-01	DE	mdhimfi	0.05999499919401053	0.07537620349251455
2015-01-01	DE	tb	0.04865246252281412	0.055832603567348524
2015-01-01	FR	md	0.033137024514964905	0.042048953788574824
2015-01-01	FR	mdhfi	0.034178433010377	0.04074531175648807
2015-01-01	FR	mdhi	0.04405606628083599	0.07917882288049101
2015-01-01	FR	mdhifi	0.04900426707160363	0.07605068752320444
2015-01-01	FR	mdhim	0.03681115015175587	0.056482918763141925
2015-01-01	FR	mdhimfi	0.026736696652015245	0.041493206285772084
2015-01-01	FR	tb	0.03619361979811632	0.04390717482068635
2015-01-01	IT	md	0.04470214529791619	0.051176734157533724
2015-01-01	IT	mdhfi	0.040685101580450175	0.0460991868203641
2015-01-01	IT	mdhi	0.05818806753327949	0.0738952688458798
2015-01-01	IT	mdhifi	0.048741720659053626	0.06217363309166977
2015-01-01	IT	mdhim	0.058956386534833684	0.07176193630346181
2015-01-01	IT	mdhimfi	0.039456628927135695	0.05032981882419925
2015-01-01	IT	tb	0.04561158573264494	0.05121663998388819
2015-01-01	ES	md	0.06397615478316566	0.07044813555366153
2015-01-01	ES	mdhfi	0.06393107747932615	0.0695078852618766
2015-01-01	ES	mdhi	0.07350820104319951	0.08517764992424645
2015-01-01	ES	mdhifi	0.07372756872923873	0.08392475109713016
2015-01-01	ES	mdhim	0.0726505132096207	0.08258986866227595
2015-01-01	ES	mdhimfi	0.0625034507136871	0.07114823714209428
2015-01-01	ES	tb	0.0598161855609525	0.06522370492318487
2015-01-01	NL	md	0.06203366795984026	0.07374137111331656
2015-01-01	NL	mdhfi	0.047353418731670226	0.055883079282996406
2015-01-01	NL	mdhi	0.14065464152999288	0.1681262625103922
2015-01-01	NL	mdhifi	0.1100433757142235	0.1308062734066819
2015-01-01	NL	mdhim	0.1129491808831257	0.13347728647369606
2015-01-01	NL	mdhimfi	0.08089721838552845	0.09616084200704637
2015-01-01	NL	tb	0.05112795803092332	0.06032842763822619
2015-01-01	BE	md	0.03449246314353026	0.04650346953540334
2015-01-01	BE	mdhfi	0.030923223434006757	0.040062480114447
2015-01-01	BE	mdhi	0.048087421388805326	0.07355162425138187
2015-01-01	BE	mdhifi	0.04115518252949242	0.06120817432125649
2015-01-01	BE	mdhim	0.05134895350759927	0.07403474580690009
2015-01-01	BE	mdhimfi	0.0364020031914526	0.054138993439979896
2015-01-01	BE	tb	0.03609137506733413	0.04687618498980191
2014-01-01	DE	md	0.047130129651773156	0.05549163394278622
2014-01-01	DE	mdhfi	0.04577034708712734	0.05327034614746624
2014-01-01	DE	mdhi	0.08477686329744936	0.10715388676658086
2014-01-01	DE	mdhifi	0.08296324701843562	0.10368356734540837
2014-01-01	DE	mdhim	0.08143398068811268	0.0982959252992847
2014-01-01	DE	mdhimfi	0.06173072901018722	0.07714816414052149
2014-01-01	DE	tb	0.04966915781143624	0.05681422801252607
2014-01-01	FR	md	0.031301166525911785	0.04002286441105807
2014-01-01	FR	mdhfi	0.03159678896637313	0.0383020742038485
2014-01-01	FR	mdhi	0.03801906749089229	0.07232224611866571
2014-01-01	FR	mdhifi	0.039627014448533025	0.06715393398067589
2014-01-01	FR	mdhim	0.03304965184567253	0.052219833586934154
2014-01-01	FR	mdhimfi	0.021586388130231563	0.036581380241540756
2014-01-01	FR	tb	0.03431497131765853	0.04183663320835896
2014-01-01	IT	md	0.04355095874708556	0.050330738827195014
2014-01-01	IT	mdhfi	0.03845304342430728	0.04421772177816531
2014-01-01	IT	mdhi	0.05786453332151787	0.07425478178539698
2014-01-01	IT	mdhifi	0.04581485682237009	0.060067728494045104
2014-01-01	IT	mdhim	0.057606296071846176	0.07094642199046386
2014-01-01	IT	mdhimfi	0.037022025057105265	0.04853947177117666
2014-01-01	IT	tb	0.04417475584444491	0.05003379189851207
2014-01-01	ES	md	0.06240078830522697	0.06806342625964158
2014-01-01	ES	mdhfi	0.062150659926164614	0.06683126677975737
2014-01-01	ES	mdhi	0.06638671437487753	0.07651717606266363
2014-01-01	ES	mdhifi	0.06605703945330564	0.07454548009362881
2014-01-01	ES	mdhim	0.06840009536712188	0.07704926251939566
2014-01-01	ES	mdhimfi	0.05614279265932248	0.06335723591646399
2014-01-01	ES	tb	0.05948706314183358	0.06420229520314243
2014-01-01	NL	md	0.054063793937630826	0.06432653178981411
2014-01-01	NL	mdhfi	0.039632305110435265	0.04677975833155076
2014-01-01	NL	mdhi	0.12820965129793405	0.15323177181662206
2014-01-01	NL	mdhifi	0.09687353089617039	0.11504134272814594
2014-01-01	NL	mdhim	0.10133778155964433	0.11968601542187932
2014-01-01	NL	mdhimfi	0.06969501564267871	0.08276572668324052
2014-01-01	NL	tb	0.04446613279244858	0.05252724825581282
2014-01-01	BE	md	0.0314075469142684	0.042726030622470657
2014-01-01	BE	mdhfi	0.02859133707386809	0.03706925304393251
2014-01-01	BE	mdhi	0.04134675540474697	0.06522583638466611
2014-01-01	BE	mdhifi	0.035863258375714455	0.0543818256547449
2014-01-01	BE	mdhim	0.04532647468274081	0.06669165575443337
2014-01-01	BE	mdhimfi	0.031862257193959666	0.048314843496259335
2014-01-01	BE	tb	0.03332146933926555	0.043478680066836514
2013-01-01	DE	md	0.045176144800876	0.05367559381929893
2013-01-01	DE	mdhfi	0.04359448629797056	0.05104972259888366
2013-01-01	DE	mdhi	0.07742803107747279	0.10001003907736794
2013-01-01	DE	mdhifi	0.07474455904359281	0.09518536560958182
2013-01-01	DE	mdhim	0.07673623569193987	0.09377706871140717
2013-01-01	DE	mdhimfi	0.05570313288314373	0.07093657567755307
2013-01-01	DE	tb	0.04815509192940294	0.05540792452064546
2013-01-01	FR	md	0.03094051472790601	0.039958107203787424
2013-01-01	FR	mdhfi	0.031397870806257985	0.03839021263170405
2013-01-01	FR	mdhi	0.036086266625135546	0.07128226709558583
2013-01-01	FR	mdhifi	0.03824700369325281	0.06671633891669998
2013-01-01	FR	mdhim	0.031830969045198734	0.051459241792729794
2013-01-01	FR	mdhimfi	0.020795983681719546	0.036275570932123025
2013-01-01	FR	tb	0.03394288665767483	0.041690098602317184
2013-01-01	IT	md	0.04154702194995025	0.04942736466312602
2013-01-01	IT	mdhfi	0.03816867997359412	0.04488436426502985
2013-01-01	IT	mdhi	0.0518808321129497	0.07078408974043732
2013-01-01	IT	mdhifi	0.043995938007016934	0.06047229851639507
2013-01-01	IT	mdhim	0.05278196591442112	0.06818714441154922
2013-01-01	IT	mdhimfi	0.035597153300625094	0.048928191515906605
2013-01-01	IT	tb	0.04224371397137704	0.04904378112158914
2013-01-01	ES	md	0.06274525169356482	0.06857577883621047
2013-01-01	ES	mdhfi	0.06366476122757252	0.06843741960308433
2013-01-01	ES	mdhi	0.06489106823754745	0.0751982327420934
2013-01-01	ES	mdhifi	0.06660507808866249	0.07515587670747219
2013-01-01	ES	mdhim	0.06795205983367283	0.07682134863615388
2013-01-01	ES	mdhimfi	0.057066428900278486	0.06439265019486719
2013-01-01	ES	tb	0.060553164931219615	0.06538933255061487
2013-01-01	NL	md	0.05441319204480187	0.0631443874284244
2013-01-01	NL	mdhfi	0.04124063655311154	0.04724599588715758
2013-01-01	NL	mdhi	0.13338437112551696	0.15503232154279728
2013-01-01	NL	mdhifi	0.10530039714745226	0.12087338084587894
2013-01-01	NL	mdhim	0.10524267332593656	0.1210269838711446
2013-01-01	NL	mdhimfi	0.07521124990561176	0.08633431876809919
2013-01-01	NL	tb	0.044899927837183315	0.051782036549237465
2013-01-01	BE	md	0.027321073735984924	0.038436944102617186
2013-01-01	BE	mdhfi	0.025878545770493484	0.03472714557900418
2013-01-01	BE	mdhi	0.03255536654175352	0.055886046979747236
2013-01-01	BE	mdhifi	0.029775679165663465	0.04900842916075871
2013-01-01	BE	mdhim	0.03758242884329156	0.058545906277033176
2013-01-01	BE	mdhimfi	0.026571337904836127	0.043734335132057364
2013-01-01	BE	tb	0.029417829357021766	0.03939318469837373
2012-01-01	DE	md	0.04587357363265433	0.05483735484733236
2012-01-01	DE	mdhfi	0.04366388001427867	0.0514778867061626
2012-01-01	DE	mdhi	0.07798177097322764	0.10144821512384729
2012-01-01	DE	mdhifi	0.07363712437118847	0.09473165372957991
2012-01-01	DE	mdhim	0.07727986260833722	0.09508671091465101
2012-01-01	DE	mdhimfi	0.05520543701432168	0.07101991540121912
2012-01-01	DE	tb	0.0487500480327204	0.056388920354790456
2012-01-01	FR	md	0.031241733562526287	0.039951226058040065
2012-01-01	FR	mdhfi	0.032397993979869304	0.03909057584620159
2012-01-01	FR	mdhi	0.03641555858196975	0.07016398073986056
2012-01-01	FR	mdhifi	0.04139830891921093	0.06846880168460623
2012-01-01	FR	mdhim	0.032055100011632684	0.05088526533692805
2012-01-01	FR	mdhimfi	0.022510250191614716	0.03722977813534114
2012-01-01	FR	tb	0.03414114235681197	0.041611229181414265
2012-01-01	IT	md	0.041006722514512775	0.04832712555557813
2012-01-01	IT	mdhfi	0.03811910041520141	0.044285837968542796
2012-01-01	IT	mdhi	0.050546186279658664	0.0678688297127937
2012-01-01	IT	mdhifi	0.04393364366398839	0.058858566807439776
2012-01-01	IT	mdhim	0.05194689979434751	0.06609490437485407
2012-01-01	IT	mdhimfi	0.035624685738501555	0.047726930221641595
2012-01-01	IT	tb	0.041691308419722996	0.04799871883400474
2012-01-01	ES	md	0.06114803332015998	0.067215947637754
2012-01-01	ES	mdhfi	0.06036407810438272	0.06558525381847821
2012-01-01	ES	mdhi	0.06736513695515661	0.07823997799996715
2012-01-01	ES	mdhifi	0.066141938690547325	0.07563363437804191
2012-01-01	ES	mdhim	0.0690102959144304	0.07836972374462242
2012-01-01	ES	mdhimfi	0.05666849580998807	0.06480070553872012
2012-01-01	ES	tb	0.058815110061999736	0.06386267789681588
2012-01-01	NL	md	0.054551864509099275	0.06298442227783645
2012-01-01	NL	mdhfi	0.039542179927747036	0.04518441030268789
2012-01-01	NL	mdhi	0.13838754126961872	0.15967548943592214
2012-01-01	NL	mdhifi	0.10541107426266254	0.12034850060816892
2012-01-01	NL	mdhim	0.10927276483913735	0.1247182968412156
2012-01-01	NL	mdhimfi	0.07482528018864393	0.0854285030418204
2012-01-01	NL	tb	0.04561359682431331	0.05228621970546825
2012-01-01	BE	md	0.028227533561803853	0.0390827406572842
2012-01-01	BE	mdhfi	0.026205723196279063	0.035118002801986854
2012-01-01	BE	mdhi	0.033766987487604025	0.05611943231510138
2012-01-01	BE	mdhifi	0.02983852001310772	0.04884225476915829
2012-01-01	BE	mdhim	0.038723213887919244	0.058903489161873775
2012-01-01	BE	mdhimfi	0.02675923478172535	0.043801815976885226
2012-01-01	BE	tb	0.030565147363030103	0.04030200428149247
2011-01-01	DE	md	0.05150655287010116	0.060150232553785106
2011-01-01	DE	mdhfi	0.048869746741429666	0.05683694524504587
2011-01-01	DE	mdhi	0.08589286916826971	0.1082106725188081
2011-01-01	DE	mdhifi	0.0805940547027958	0.10179481811423317
2011-01-01	DE	mdhim	0.08697702880399721	0.10404682804022865
2011-01-01	DE	mdhimfi	0.06092677414162346	0.0769539380405237
2011-01-01	DE	tb	0.05487866989165175	0.06222707982123631
2011-01-01	FR	md	0.03557526206231224	0.04430675890664818
2011-01-01	FR	mdhfi	0.03622510989443237	0.04293193360991797
2011-01-01	FR	mdhi	0.05312317809370369	0.08690383472893941
2011-01-01	FR	mdhifi	0.056753941278353794	0.0838082357331966
2011-01-01	FR	mdhim	0.041453652522864946	0.06032154650071683
2011-01-01	FR	mdhimfi	0.03091440710779545	0.04565113646883064
2011-01-01	FR	tb	0.038081521439298195	0.04556828497971751
2011-01-01	IT	md	0.04809771857749462	0.05518669538944343
2011-01-01	IT	mdhfi	0.04507817712743156	0.05117322126064137
2011-01-01	IT	mdhi	0.06034325993386126	0.07694882368309615
2011-01-01	IT	mdhifi	0.05360020429419235	0.06820720684663316
2011-01-01	IT	mdhim	0.061761157212785384	0.07535475198494944
2011-01-01	IT	mdhimfi	0.043559690529815356	0.055430475709294345
2011-01-01	IT	tb	0.04850597178557637	0.054602203588168835
2011-01-01	ES	md	0.060633969568874395	0.06529116641830002
2011-01-01	ES	mdhfi	0.06026693290767713	0.0639200931899367
2011-01-01	ES	mdhi	0.0730032827270355	0.08166679993917489
2011-01-01	ES	mdhifi	0.07276801442585536	0.07968045424410451
2011-01-01	ES	mdhim	0.07232894650602745	0.07974450398640931
2011-01-01	ES	mdhimfi	0.061954615278699054	0.06783985968114384
2011-01-01	ES	tb	0.058032797927760296	0.0619419819911601
2011-01-01	NL	md	0.057131474885391755	0.06553401422653868
2011-01-01	NL	mdhfi	0.04361367119430916	0.0493490395955895
2011-01-01	NL	mdhi	0.14086800274887407	0.16248584276926048
2011-01-01	NL	mdhifi	0.11141530781868983	0.12694003607582524
2011-01-01	NL	mdhim	0.11088064764698095	0.1264641623011668
2011-01-01	NL	mdhimfi	0.07844863164168848	0.08937974795079791
2011-01-01	NL	tb	0.04821600606505517	0.05489871815602774
2011-01-01	BE	md	0.03353547213315496	0.043786717966965066
2011-01-01	BE	mdhfi	0.03284458904614162	0.041421968661135074
2011-01-01	BE	mdhi	0.04442280681691751	0.0654444094195771
2011-01-01	BE	mdhifi	0.04371719694206664	0.06193698283270492
2011-01-01	BE	mdhim	0.04853431969074908	0.06758171432134745
2011-01-01	BE	mdhimfi	0.0393529260040026	0.055753837684438534
2011-01-01	BE	tb	0.035512686863547985	0.04472064854876204
2010-01-01	DE	md	0.05033486976673844	0.05763228646116086
2010-01-01	DE	mdhfi	0.047817227544512134	0.05406165710447896
2010-01-01	DE	mdhi	0.08323946907377505	0.10183938858447399
2010-01-01	DE	mdhifi	0.07824714621960686	0.09463824296788306
2010-01-01	DE	mdhim	0.08440199368040593	0.09874607073585431
2010-01-01	DE	mdhimfi	0.05967276803629416	0.07217293144641035
2010-01-01	DE	tb	0.053424040970229326	0.05961629530722565
2010-01-01	FR	md	0.03852355184599646	0.04631390142281579
2010-01-01	FR	mdhfi	0.03815083544800083	0.04421061052661623
2010-01-01	FR	mdhi	0.06237144957385805	0.09235770877547841
2010-01-01	FR	mdhifi	0.062234757100652495	0.08654324216958116
2010-01-01	FR	mdhim	0.04794641979765391	0.06478016020328649
2010-01-01	FR	mdhimfi	0.034085830143892784	0.047399530264466874
2010-01-01	FR	tb	0.04120983255076279	0.047889290904872414
2010-01-01	IT	md	0.04730149061133365	0.05484053248015557
2010-01-01	IT	mdhfi	0.04445765859731014	0.05112884777589755
2010-01-01	IT	mdhi	0.05771715322188057	0.07525646379332564
2010-01-01	IT	mdhifi	0.051371748761697804	0.06725256421578132
2010-01-01	IT	mdhim	0.059670983406782833	0.07402351870587276
2010-01-01	IT	mdhimfi	0.04172894269777702	0.054628827440877624
2010-01-01	IT	tb	0.047900290568280844	0.05438750478526693
2010-01-01	ES	md	0.05696750238389567	0.061551117988788616
2010-01-01	ES	mdhfi	0.056067511972006295	0.05957504730386643
2010-01-01	ES	mdhi	0.07457282833592534	0.08344199715853658
2010-01-01	ES	mdhifi	0.07343274486296661	0.0803373724908765
2010-01-01	ES	mdhim	0.07215960249193397	0.07968262603179119
2010-01-01	ES	mdhimfi	0.06194996214393004	0.0677749033328392
2010-01-01	ES	tb	0.05453182083988538	0.05841643173889093
2010-01-01	NL	md	0.0546738197040969	0.06327528260696376
2010-01-01	NL	mdhfi	0.04115158250316774	0.04707684268002931
2010-01-01	NL	mdhi	0.13972047014115452	0.162325594654917
2010-01-01	NL	mdhifi	0.10983925634186661	0.12627678742049642
2010-01-01	NL	mdhim	0.10982412522120413	0.12601187504458747
2010-01-01	NL	mdhimfi	0.07670301841140403	0.0881816854285768
2010-01-01	NL	tb	0.04720588101839753	0.054092359604430054
2010-01-01	BE	md	0.03458857420146758	0.04390948892104441
2010-01-01	BE	mdhfi	0.03243098190593021	0.04020425565735983
2010-01-01	BE	mdhi	0.04723704932765493	0.06624231050511388
2010-01-01	BE	mdhifi	0.04357571010821889	0.059998062554086413
2010-01-01	BE	mdhim	0.05106348968469058	0.06833261181088401
2010-01-01	BE	mdhimfi	0.03934020714441316	0.05416632805935687
2010-01-01	BE	tb	0.036676629312109583	0.04505450104098687
2009-01-01	DE	md	0.043496378118996294	0.049919112300620266
2009-01-01	DE	mdhfi	0.04138575919256895	0.04683394086392252
2009-01-01	DE	mdhi	0.06366219305274701	0.07995793870814435
2009-01-01	DE	mdhifi	0.059133375288798036	0.07336542107226246
2009-01-01	DE	mdhim	0.07047380348015754	0.08304590080801086
2009-01-01	DE	mdhimfi	0.04511774474699954	0.05597655004519126
2009-01-01	DE	tb	0.04828921350270147	0.053742939020995056
2009-01-01	FR	md	0.039380058277974236	0.04516772727724234
2009-01-01	FR	mdhfi	0.040274536364359445	0.04500530256026601
2009-01-01	FR	mdhi	0.06078097560639124	0.08281146172748521
2009-01-01	FR	mdhifi	0.06555343253127359	0.08432026433820065
2009-01-01	FR	mdhim	0.04804898630356631	0.060528297287194284
2009-01-01	FR	mdhimfi	0.03623462852434885	0.04660798584287713
2009-01-01	FR	tb	0.04242936394839259	0.04739974968090349
2009-01-01	IT	md	0.048606316359296776	0.056504324882463326
2009-01-01	IT	mdhfi	0.04612125841517848	0.053029915088514366
2009-01-01	IT	mdhi	0.058179228778405374	0.07645900853354061
2009-01-01	IT	mdhifi	0.05268403851902129	0.06904324220856668
2009-01-01	IT	mdhim	0.061004665069062845	0.0759669398386218
2009-01-01	IT	mdhimfi	0.04280678780431666	0.05609895333815534
2009-01-01	IT	tb	0.04983609001562791	0.05663789101624825
2009-01-01	ES	md	0.06009568073727487	0.06582815827656466
2009-01-01	ES	mdhfi	0.05550764765905715	0.059860574952552106
2009-01-01	ES	mdhi	0.08849191506294231	0.0997870517485253
2009-01-01	ES	mdhifi	0.08030365592192465	0.08903084179360746
2009-01-01	ES	mdhim	0.08289957616889555	0.0924288399449666
2009-01-01	ES	mdhimfi	0.06737428946150242	0.07469634647562846
2009-01-01	ES	tb	0.05743358150139141	0.06232673177764628
2009-01-01	NL	md	0.052043913545883516	0.05984668596865463
2009-01-01	NL	mdhfi	0.04202521769795456	0.04794006070185765
2009-01-01	NL	mdhi	0.12764918116526214	0.1479986983779615
2009-01-01	NL	mdhifi	0.10707710234694852	0.12339119978749132
2009-01-01	NL	mdhim	0.1013097710883903	0.1159765345421924
2009-01-01	NL	mdhimfi	0.07521337971863107	0.08667277092989557
2009-01-01	NL	tb	0.04491489803858966	0.05118944123461466
2009-01-01	BE	md	0.028900653676712462	0.037336703828135816
2009-01-01	BE	mdhfi	0.02775239655528912	0.03459369804861646
2009-01-01	BE	mdhi	0.037396808525873834	0.054507524438818525
2009-01-01	BE	mdhifi	0.03559072583589755	0.04996968872804312
2009-01-01	BE	mdhim	0.041458210904964564	0.05704143238044271
2009-01-01	BE	mdhimfi	0.03220797428205732	0.04522027611507505
2009-01-01	BE	tb	0.031168286986827463	0.03876362876034539
2008-01-01	DE	md	0.056379625180913835	0.06558287020927193
2008-01-01	DE	mdhfi	0.056006974618460534	0.06466563810222817
2008-01-01	DE	mdhi	0.09189702676774975	0.1150292535585611
2008-01-01	DE	mdhifi	0.0926643936021317	0.1150666948454844
2008-01-01	DE	mdhim	0.0935074063246481	0.11140448305540482
2008-01-01	DE	mdhimfi	0.07091076693046446	0.08805396833093089
2008-01-01	DE	tb	0.060088605491679645	0.06791024153593017
2008-01-01	FR	md	0.046467718028227974	0.05702597844335874
2008-01-01	FR	mdhfi	0.047796153901645676	0.05723566340020581
2008-01-01	FR	mdhi	0.07749115301543694	0.11728974791691502
2008-01-01	FR	mdhifi	0.08445063107194503	0.12150268276607229
2008-01-01	FR	mdhim	0.06254187753195463	0.08522191209208607
2008-01-01	FR	mdhimfi	0.04698899788649507	0.06760505198397634
2008-01-01	FR	tb	0.050187933720410055	0.05926310682903925
2008-01-01	IT	md	0.05781050643561987	0.06820378753206932
2008-01-01	IT	mdhfi	0.054437125483536464	0.06369032654356992
2008-01-01	IT	mdhi	0.07760658770318857	0.10127136437810229
2008-01-01	IT	mdhifi	0.070558332051709	0.09210989094867185
2008-01-01	IT	mdhim	0.07713804174638932	0.09656839281467187
2008-01-01	IT	mdhimfi	0.05751268961670629	0.07507954645069188
2008-01-01	IT	tb	0.057591403482798766	0.06655169762558588
2008-01-01	ES	md	0.05950811650117612	0.06730432506451293
2008-01-01	ES	mdhfi	0.055912818706545624	0.062166155303104105
2008-01-01	ES	mdhi	0.08884013014302569	0.10434333315554456
2008-01-01	ES	mdhifi	0.08254551361121878	0.09518562633882176
2008-01-01	ES	mdhim	0.08068680338537908	0.09371836321191866
2008-01-01	ES	mdhimfi	0.0690205506956558	0.07958959925017049
2008-01-01	ES	tb	0.05610461421345321	0.06280479871333912
2008-01-01	NL	md	0.06630444598556602	0.07912660159358459
2008-01-01	NL	mdhfi	0.0617763838260086	0.07262222992319804
2008-01-01	NL	mdhi	0.1432493633088412	0.1760145874876021
2008-01-01	NL	mdhifi	0.13821940487366752	0.16751292785474192
2008-01-01	NL	mdhim	0.1149011410913633	0.13879107833099216
2008-01-01	NL	mdhimfi	0.09828796022386566	0.11911861438716728
2008-01-01	NL	tb	0.05612576286710881	0.06643259035350804
2008-01-01	BE	md	0.028484582834761307	0.04037511484219602
2008-01-01	BE	mdhfi	0.031153773638871115	0.04140196615130535
2008-01-01	BE	mdhi	0.03824093073320073	0.06244929730343078
2008-01-01	BE	mdhifi	0.044569844327657114	0.06619301921487508
2008-01-01	BE	mdhim	0.041608980985923354	0.06370236221684303
2008-01-01	BE	mdhimfi	0.040423637675780874	0.06003526971593458
2008-01-01	BE	tb	0.029714524417837875	0.040414651554551255
2007-01-01	DE	md	0.06257508739327787	0.0729518723042757
2007-01-01	DE	mdhfi	0.0615587272531826	0.07057806651129404
2007-01-01	DE	mdhi	0.10676101604909659	0.13283204271877214
2007-01-01	DE	mdhifi	0.10634999439581323	0.129695807700171
2007-01-01	DE	mdhim	0.1051831233463587	0.12533851480997124
2007-01-01	DE	mdhimfi	0.08129205650043313	0.09913718366727696
2007-01-01	DE	tb	0.0656122889177133	0.07442912590834348
2007-01-01	FR	md	0.04899981918675688	0.06031608641000825
2007-01-01	FR	mdhfi	0.050500218712533324	0.05986239270723918
2007-01-01	FR	mdhi	0.08460914102011315	0.12710885227561206
2007-01-01	FR	mdhifi	0.09242283986458143	0.12899798078414826
2007-01-01	FR	mdhim	0.06720106828245741	0.09141672184566095
2007-01-01	FR	mdhimfi	0.05144768903484791	0.0718074451210351
2007-01-01	FR	tb	0.052556303901809404	0.06227608820628737
2007-01-01	IT	md	0.06088522139110629	0.07233731581616858
2007-01-01	IT	mdhfi	0.05735688494954679	0.0673074353517674
2007-01-01	IT	mdhi	0.08387866553157325	0.10985964306958262
2007-01-01	IT	mdhifi	0.07663682810431835	0.09973132249130709
2007-01-01	IT	mdhim	0.08288465443538524	0.10424577643590349
2007-01-01	IT	mdhimfi	0.06255133106017774	0.0814011634423526
2007-01-01	IT	tb	0.06074510526151737	0.07061437280975509
2007-01-01	ES	md	0.05438858167948302	0.06759961862014822
2007-01-01	ES	mdhfi	0.051963868980319614	0.06304186048160798
2007-01-01	ES	mdhi	0.0811105780206783	0.1077751336217116
2007-01-01	ES	mdhifi	0.07699687643429835	0.09971911790932875
2007-01-01	ES	mdhim	0.07341282328271194	0.09570643881783006
2007-01-01	ES	mdhimfi	0.06403759624198949	0.08293547616485371
2007-01-01	ES	tb	0.05123659525665717	0.06263381818549292
2007-01-01	NL	md	0.06897921408113247	0.08258029835957113
2007-01-01	NL	mdhfi	0.06396581761006792	0.07538606817787508
2007-01-01	NL	mdhi	0.146312584560348	0.18080015954926887
2007-01-01	NL	mdhifi	0.14031114078385695	0.170958997645831
2007-01-01	NL	mdhim	0.11890211164402974	0.14415026947531398
2007-01-01	NL	mdhimfi	0.10013564652636865	0.12200805768614208
2007-01-01	NL	tb	0.05898497135522437	0.06993418615965771
2007-01-01	BE	md	0.03859144849247718	0.05153405301510724
2007-01-01	BE	mdhfi	0.040012588350764496	0.05074397569087602
2007-01-01	BE	mdhi	0.05465200438875817	0.08044794835036878
2007-01-01	BE	mdhifi	0.058768904939042896	0.08094112750695726
2007-01-01	BE	mdhim	0.05766737214950995	0.08134699485566617
2007-01-01	BE	mdhimfi	0.05362404073618896	0.07385521855763931
2007-01-01	BE	tb	0.03894490034954213	0.050553472611743505
2006-01-01	DE	md	0.06124406983925233	0.07173146304254455
2006-01-01	DE	mdhfi	0.058716995924411895	0.06818102028325775
2006-01-01	DE	mdhi	0.10032063197161134	0.12631030305998886
2006-01-01	DE	mdhifi	0.09590288837141411	0.12008672014137113
2006-01-01	DE	mdhim	0.10142466963085911	0.12161073696037732
2006-01-01	DE	mdhimfi	0.07362910980578942	0.0921961627397828
2006-01-01	DE	tb	0.06504991844924668	0.07395022924927583
2006-01-01	FR	md	0.04739688700832321	0.058660629747250274
2006-01-01	FR	mdhfi	0.048900117283578244	0.05832998024715759
2006-01-01	FR	mdhi	0.07930934962216225	0.1211933387486427
2006-01-01	FR	mdhifi	0.08684269510349582	0.12329149085637932
2006-01-01	FR	mdhim	0.06361743453859124	0.08757273171565487
2006-01-01	FR	mdhimfi	0.048547180695951916	0.06892294484578944
2006-01-01	FR	tb	0.0507448796334178	0.06041559942467978
2006-01-01	IT	md	0.06310956950134436	0.07363831525261279
2006-01-01	IT	mdhfi	0.06086871879910103	0.06974164902787922
2006-01-01	IT	mdhi	0.08628327872144435	0.11001435453917367
2006-01-01	IT	mdhifi	0.0820848948232305	0.1025495629688439
2006-01-01	IT	mdhim	0.086502233825478	0.10607281815838956
2006-01-01	IT	mdhimfi	0.06720078881084394	0.08395468543334615
2006-01-01	IT	tb	0.06317895463712776	0.07224253994595366
2006-01-01	ES	md	0.05277429473524017	0.06454230647759938
2006-01-01	ES	mdhfi	0.05118537630356954	0.060917508856965424
2006-01-01	ES	mdhi	0.08303690499923731	0.10687602394754696
2006-01-01	ES	mdhifi	0.08079653320295248	0.10085257249964447
2006-01-01	ES	mdhim	0.07269495747758782	0.09260879772379277
2006-01-01	ES	mdhimfi	0.0671152002302181	0.08377513649061966
2006-01-01	ES	tb	0.04879483223043265	0.05896113149983257
2006-01-01	NL	md	0.0658012274171521	0.07913450372192982
2006-01-01	NL	mdhfi	0.05955309509936294	0.07052924471908048
2006-01-01	NL	mdhi	0.143230201151042	0.1770563502255431
2006-01-01	NL	mdhifi	0.134414655413623	0.16401082449922968
2006-01-01	NL	mdhim	0.11732435727178492	0.14206248022173731
2006-01-01	NL	mdhimfi	0.09563627778698645	0.11669400723911905
2006-01-01	NL	tb	0.057015756619104185	0.0677467665067338
2006-01-01	BE	md	0.03693434252127556	0.05020600233502608
2006-01-01	BE	mdhfi	0.03742816674934063	0.04837751538001778
2006-01-01	BE	mdhi	0.05080820023802308	0.07701578851245143
2006-01-01	BE	mdhifi	0.05287702410601434	0.07531182428684324
2006-01-01	BE	mdhim	0.05439417660053558	0.07858244525830065
2006-01-01	BE	mdhimfi	0.04851798778748656	0.06910332479521637
2006-01-01	BE	tb	0.03716549379524616	0.04904747096628765
2005-01-01	DE	md	0.055619611734781894	0.06430909450405167
2005-01-01	DE	mdhfi	0.05371889026893671	0.060368947151304773
2005-01-01	DE	mdhi	0.08788871067352534	0.10926147534044067
2005-01-01	DE	mdhifi	0.08482304497667383	0.10170924389342414
2005-01-01	DE	mdhim	0.09060755784912075	0.10723249192281889
2005-01-01	DE	mdhimfi	0.06518993652984971	0.0781676625230169
2005-01-01	DE	tb	0.05948296528263674	0.06685454452914746
2005-01-01	FR	md	0.04877861577182784	0.05808032714508738
2005-01-01	FR	mdhfi	0.04992722690398007	0.05774059086900681
2005-01-01	FR	mdhi	0.08595199062019739	0.12016554309748032
2005-01-01	FR	mdhifi	0.09226080166115053	0.1220833808914535
2005-01-01	FR	mdhim	0.06605294033909294	0.08567431827107795
2005-01-01	FR	mdhimfi	0.05176812499863602	0.06850176465468664
2005-01-01	FR	tb	0.05144601427231869	0.05942891064267116
2005-01-01	IT	md	0.06810786219447394	0.0765159995222692
2005-01-01	IT	mdhfi	0.06566765929447076	0.07210544078297575
2005-01-01	IT	mdhi	0.09844750408101566	0.11733755068106005
2005-01-01	IT	mdhifi	0.09413627105488293	0.108943924348007
2005-01-01	IT	mdhim	0.0960335745044944	0.1116454696290249
2005-01-01	IT	mdhimfi	0.07722509477116243	0.08937261682706935
2005-01-01	IT	tb	0.06739877632218684	0.07463316963128833
2005-01-01	ES	md	0.05364901997911874	0.06482926912665606
2005-01-01	ES	mdhfi	0.05198390870173789	0.06146890885522744
2005-01-01	ES	mdhi	0.08600450102506177	0.10853516358763166
2005-01-01	ES	mdhifi	0.08368241290071231	0.1031213059466431
2005-01-01	ES	mdhim	0.07460552886075644	0.09343847910914378
2005-01-01	ES	mdhimfi	0.06956376081772334	0.0857229806529932
2005-01-01	ES	tb	0.04942015899367749	0.059070834385647766
2005-01-01	NL	md	0.05809313426348787	0.07124038496664335
2005-01-01	NL	mdhfi	0.050698246501143296	0.061117813324645255
2005-01-01	NL	mdhi	0.12712444131261064	0.15985777216403088
2005-01-01	NL	mdhifi	0.11488961632779511	0.14248431735430644
2005-01-01	NL	mdhim	0.10612261796025199	0.13019243617392517
2005-01-01	NL	mdhimfi	0.08216654166339177	0.1019016685099695
2005-01-01	NL	tb	0.05091237514737794	0.06148923981222937
2005-01-01	BE	md	0.03949156257052842	0.05170822192994512
2005-01-01	BE	mdhfi	0.039852858593559484	0.05008391600799852
2005-01-01	BE	mdhi	0.05585268843927768	0.07972805663244938
2005-01-01	BE	mdhifi	0.05786274287518115	0.07861969476192039
2005-01-01	BE	mdhim	0.0588921542425924	0.08099453166180698
2005-01-01	BE	mdhimfi	0.05325714648235284	0.07236194470361693
2005-01-01	BE	tb	0.03893576313696416	0.04986344673201724
2004-01-01	DE	md	0.054728178257986156	0.06233993362767815
2004-01-01	DE	mdhfi	0.05146525196599167	0.05782111190337193
2004-01-01	DE	mdhi	0.08540530555830857	0.10401287799895449
2004-01-01	DE	mdhifi	0.0788706296914027	0.09491793599073782
2004-01-01	DE	mdhim	0.08855414969488908	0.10306136141880962
2004-01-01	DE	mdhimfi	0.060747341849119854	0.07310721783004545
2004-01-01	DE	tb	0.05788510894616449	0.06432730038478586
2004-01-01	FR	md	0.05096241995365414	0.06027044881322414
2004-01-01	FR	mdhfi	0.05267946254054735	0.059800889968733485
2004-01-01	FR	mdhi	0.09491911032759118	0.12881825697892385
2004-01-01	FR	mdhifi	0.10362517128682737	0.13051248344551844
2004-01-01	FR	mdhim	0.07034356496806678	0.08981705706048518
2004-01-01	FR	mdhimfi	0.058273608446390054	0.07339368671940516
2004-01-01	FR	tb	0.0532161484544186	0.06120215812037547
2004-01-01	IT	md	0.0721293227690885	0.0808637653788843
2004-01-01	IT	mdhfi	0.07017398397333269	0.07690114165148323
2004-01-01	IT	mdhi	0.10500699190484697	0.1244221533235858
2004-01-01	IT	mdhifi	0.10198963257850117	0.11730155311792993
2004-01-01	IT	mdhim	0.10233185424109771	0.1184528082107013
2004-01-01	IT	mdhimfi	0.08406307538144452	0.09668364374705717
2004-01-01	IT	tb	0.07102961217652906	0.07854404943581172
2004-01-01	ES	md	0.05850972042362573	0.06686032953230936
2004-01-01	ES	mdhfi	0.0567038482402136	0.0634450073092452
2004-01-01	ES	mdhi	0.09630183443118412	0.11293568044573839
2004-01-01	ES	mdhifi	0.09395812147095887	0.1076188696756205
2004-01-01	ES	mdhim	0.08258599086124732	0.09651746855998238
2004-01-01	ES	mdhimfi	0.07825086580043769	0.08962790652625667
2004-01-01	ES	tb	0.053342392271021444	0.060542621786757324
2004-01-01	NL	md	0.0537138477788143	0.06549652558552357
2004-01-01	NL	mdhfi	0.04677825323294513	0.05523604897741996
2004-01-01	NL	mdhi	0.11297539146875449	0.1417710197103441
2004-01-01	NL	mdhifi	0.10142606138947474	0.12343523292747112
2004-01-01	NL	mdhim	0.09623132189726409	0.11751011916561352
2004-01-01	NL	mdhimfi	0.07286391826336376	0.08867518465801189
2004-01-01	NL	tb	0.04804796469013456	0.05751419095147904
2004-01-01	BE	md	0.036874224005945935	0.04863099363396834
2004-01-01	BE	mdhfi	0.0369021831882943	0.04658475305176517
2004-01-01	BE	mdhi	0.05198100214953642	0.0745946245292213
2004-01-01	BE	mdhifi	0.05325287184606576	0.0725965990565502
2004-01-01	BE	mdhim	0.054771370510154856	0.07577153550143556
2004-01-01	BE	mdhimfi	0.049170938858381565	0.06703193292287749
2004-01-01	BE	tb	0.03606205379092915	0.046549179985742054
2003-01-01	DE	md	0.05277921857499174	0.05908363792936897
2003-01-01	DE	mdhfi	0.05152737917648708	0.056403040269953734
2003-01-01	DE	mdhi	0.07837168023236718	0.09365606469100562
2003-01-01	DE	mdhifi	0.07666353678191033	0.08887106168997375
2003-01-01	DE	mdhim	0.08406871191967728	0.0960046702567812
2003-01-01	DE	mdhimfi	0.059146401684161895	0.06856458407034294
2003-01-01	DE	tb	0.05657828642909902	0.0619076805151632
2003-01-01	FR	md	0.05303007311332578	0.06139617953623185
2003-01-01	FR	mdhfi	0.054488878713857485	0.06135149540869207
2003-01-01	FR	mdhi	0.1031525724275586	0.13317790972284174
2003-01-01	FR	mdhifi	0.11100810978199563	0.1365011616092047
2003-01-01	FR	mdhim	0.07372550459330067	0.09102732298017914
2003-01-01	FR	mdhimfi	0.06267633809277665	0.07706998139034031
2003-01-01	FR	tb	0.054326325738250095	0.06149795190187104
2003-01-01	IT	md	0.07490574344645781	0.0835129841806224
2003-01-01	IT	mdhfi	0.07303696698627096	0.07909551273334015
2003-01-01	IT	mdhi	0.11219006889507828	0.13127314227147396
2003-01-01	IT	mdhifi	0.10958294816038225	0.12333886483510285
2003-01-01	IT	mdhim	0.1086719612978132	0.1245710191851698
2003-01-01	IT	mdhimfi	0.09063547075674741	0.10201291591983203
2003-01-01	IT	tb	0.07339314249789579	0.08080660563331823
2003-01-01	ES	md	0.061979656705598275	0.07080233606803121
2003-01-01	ES	mdhfi	0.05985152255160573	0.06748916375413307
2003-01-01	ES	mdhi	0.10320839469267641	0.12054806820881164
2003-01-01	ES	mdhifi	0.10040596773016695	0.1156763740076184
2003-01-01	ES	mdhim	0.08793650213955408	0.10248004038659005
2003-01-01	ES	mdhimfi	0.08373912590867258	0.09647472821251749
2003-01-01	ES	tb	0.056071634484647616	0.06366320995733205
2003-01-01	NL	md	0.0532569923453682	0.06409418599148038
2003-01-01	NL	mdhfi	0.04561657329652127	0.05358622102202533
2003-01-01	NL	mdhi	0.11129041389632718	0.1371431211462507
2003-01-01	NL	mdhifi	0.09838075603328772	0.11863019579311797
2003-01-01	NL	mdhim	0.09506990464098836	0.1143160840850667
2003-01-01	NL	mdhimfi	0.07120109945475721	0.08585622544052371
2003-01-01	NL	tb	0.047073735047535176	0.05577113785460553
2003-01-01	BE	md	0.03238833429541239	0.04327969786686525
2003-01-01	BE	mdhfi	0.03403227150600496	0.043260081632032654
2003-01-01	BE	mdhi	0.03987865088516047	0.06049199495651093
2003-01-01	BE	mdhifi	0.043750247308279276	0.06191415965213367
2003-01-01	BE	mdhim	0.04452177106903725	0.063748304803837
2003-01-01	BE	mdhimfi	0.040575176048933084	0.05742088519192598
2003-01-01	BE	tb	0.03195328737184857	0.041626484006813874
2002-01-01	DE	md	0.05423575143716285	0.059812650765160125
2002-01-01	DE	mdhfi	0.05439397109275759	0.05903299287751239
2002-01-01	DE	mdhi	0.0794617311245707	0.09283306518737505
2002-01-01	DE	mdhifi	0.08129329557943141	0.09278595445466385
2002-01-01	DE	mdhim	0.085742062140458	0.09621267851407081
2002-01-01	DE	mdhimfi	0.06287943933975487	0.07176888023948531
2002-01-01	DE	tb	0.05847760829212198	0.06319245940717474
2002-01-01	FR	md	0.053748580136094286	0.06395690473377104
2002-01-01	FR	mdhfi	0.055303712384776174	0.06349334987968862
2002-01-01	FR	mdhi	0.10357165385270517	0.13967573963143073
2002-01-01	FR	mdhifi	0.11161532635304906	0.14156265397996118
2002-01-01	FR	mdhim	0.07424684563160702	0.09515319195395258
2002-01-01	FR	mdhimfi	0.06336979743965776	0.08037244526217739
2002-01-01	FR	tb	0.054909862342870264	0.0636484698163265
2002-01-01	IT	md	0.07547978438602393	0.08542441258482181
2002-01-01	IT	mdhfi	0.07477499912898232	0.08248303724101233
2002-01-01	IT	mdhi	0.11584757923438811	0.13788591811822976
2002-01-01	IT	mdhifi	0.1160483809582099	0.1335483915883845
2002-01-01	IT	mdhim	0.11103361520126492	0.12944603643301134
2002-01-01	IT	mdhimfi	0.0962487369355615	0.11076297578668132
2002-01-01	IT	tb	0.07352627407323271	0.08209844503400765
2002-01-01	ES	md	0.06216239873387217	0.07148692165342917
2002-01-01	ES	mdhfi	0.06018626998288195	0.06792172346877318
2002-01-01	ES	mdhi	0.10330766829201102	0.12137382391876178
2002-01-01	ES	mdhifi	0.10090042332499019	0.11615012546566669
2002-01-01	ES	mdhim	0.08742158243899116	0.10259062775599471
2002-01-01	ES	mdhimfi	0.08423125592137366	0.09696164417354969
2002-01-01	ES	tb	0.05570960001436373	0.06371431789645979
2002-01-01	NL	md	0.05419537003647543	0.06726973046139215
2002-01-01	NL	mdhfi	0.0476286622829268	0.05818419300056438
2002-01-01	NL	mdhi	0.11180019429363479	0.14212950056907933
2002-01-01	NL	mdhifi	0.10212361074018539	0.12819157232560932
2002-01-01	NL	mdhim	0.09674830595363793	0.1195141519310151
2002-01-01	NL	mdhimfi	0.07454548625024306	0.09357388583241157
2002-01-01	NL	tb	0.04847637472011065	0.05897114953318929
2002-01-01	BE	md	0.03158666294839541	0.04327499514975063
2002-01-01	BE	mdhfi	0.03234334506730674	0.04183224437447767
2002-01-01	BE	mdhi	0.03662195792694706	0.05875476072557743
2002-01-01	BE	mdhifi	0.03855160449542231	0.05725715332550536
2002-01-01	BE	mdhim	0.04207522519418217	0.0627604131511336
2002-01-01	BE	mdhimfi	0.035826277658486075	0.05320947596922043
2002-01-01	BE	tb	0.03146742820399844	0.041833152345337
2001-01-01	DE	md	0.05377263802245085	0.05945937882959147
2001-01-01	DE	mdhfi	0.05491564608028497	0.05968681169018414
2001-01-01	DE	mdhi	0.07867147936993721	0.09217630147922323
2001-01-01	DE	mdhifi	0.08292055847311207	0.09463137458801775
2001-01-01	DE	mdhim	0.0847588705389447	0.09535371527509195
2001-01-01	DE	mdhimfi	0.06425042643732669	0.07332447204395137
2001-01-01	DE	tb	0.057553992379009836	0.062361098314972566
2001-01-01	FR	md	0.055486121777010344	0.06781950911313488
2001-01-01	FR	mdhfi	0.0574071267842035	0.06743129446980174
2001-01-01	FR	mdhi	0.10408790230866236	0.14727648730544482
2001-01-01	FR	mdhifi	0.11330972829164229	0.14958349120943584
2001-01-01	FR	mdhim	0.07174437705463838	0.0968396815678725
2001-01-01	FR	mdhimfi	0.06457634057298275	0.08524911865973282
2001-01-01	FR	tb	0.054692036196946285	0.06523262567644322
2001-01-01	IT	md	0.07760119459845924	0.08983212662084628
2001-01-01	IT	mdhfi	0.07602822892481889	0.08596019708248573
2001-01-01	IT	mdhi	0.12334392238138805	0.15043137452058933
2001-01-01	IT	mdhifi	0.12181756455814478	0.14435227211593737
2001-01-01	IT	mdhim	0.11630179487753241	0.13897592309634565
2001-01-01	IT	mdhimfi	0.10123348355972822	0.11996039667237879
2001-01-01	IT	tb	0.07501050713543535	0.08555158863555257
2001-01-01	ES	md	0.06354953161728448	0.07206848632694417
2001-01-01	ES	mdhfi	0.06143838541657697	0.06867865466424013
2001-01-01	ES	mdhi	0.10665201318071545	0.12294830144418882
2001-01-01	ES	mdhifi	0.1041779493934949	0.11827932773217187
2001-01-01	ES	mdhim	0.0889991743472017	0.10268986926024266
2001-01-01	ES	mdhimfi	0.08699259070542713	0.09876778345341858
2001-01-01	ES	tb	0.05601382940899692	0.06331115295483332
2001-01-01	NL	md	0.05694782230035625	0.07274057504652359
2001-01-01	NL	mdhfi	0.0507770704474372	0.06291226550946154
2001-01-01	NL	mdhi	0.11529415184562677	0.1510872294465911
2001-01-01	NL	mdhifi	0.10710218422544568	0.13636770104634344
2001-01-01	NL	mdhim	0.1010917136186885	0.12821891421073336
2001-01-01	NL	mdhimfi	0.07897927571651797	0.10056024849218742
2001-01-01	NL	tb	0.05019775384530997	0.06285710634680032
2001-01-01	BE	md	0.0326956469391427	0.04460177494584672
2001-01-01	BE	mdhfi	0.034043487071109664	0.04389040145714085
2001-01-01	BE	mdhi	0.03557241299110955	0.05780091012143354
2001-01-01	BE	mdhifi	0.0384379354405157	0.05755871827205603
2001-01-01	BE	mdhim	0.04197249592622862	0.06283501898696928
2001-01-01	BE	mdhimfi	0.03588554503511168	0.05373665242535359
2001-01-01	BE	tb	0.0333878418073299	0.0439467668869215
2000-01-01	DE	md	0.044891504494703256	0.05492649455572356
2000-01-01	DE	mdhfi	0.046704492387231955	0.05519141233499056
2000-01-01	DE	mdhi	0.059717433228739174	0.08349662643468397
2000-01-01	DE	mdhifi	0.06504034861342059	0.08584074675045943
2000-01-01	DE	mdhim	0.06856118948370027	0.08719826033765687
2000-01-01	DE	mdhimfi	0.05033008555275452	0.06642602968723144
2000-01-01	DE	tb	0.04939041509919539	0.057869998945869326
2000-01-01	FR	md	0.05703453844221451	0.06853504310824622
2000-01-01	FR	mdhfi	0.057621038731380414	0.06665767468543711
2000-01-01	FR	mdhi	0.11156107667717981	0.15167468195762687
2000-01-01	FR	mdhifi	0.11612628577173194	0.1486577449237213
2000-01-01	FR	mdhim	0.07430868272013333	0.09755497268537913
2000-01-01	FR	mdhimfi	0.06604669482118819	0.08454892573661468
2000-01-01	FR	tb	0.05514084594087753	0.0649511503791644
2000-01-01	IT	md	0.0784701065664866	0.08764633892851204
2000-01-01	IT	mdhfi	0.07793586244289719	0.08456561952985753
2000-01-01	IT	mdhi	0.12790416067270619	0.14833474975103303
2000-01-01	IT	mdhifi	0.12891367834307174	0.14404118285154063
2000-01-01	IT	mdhim	0.11906577850538862	0.13614629684198934
2000-01-01	IT	mdhimfi	0.10698444293212944	0.11953863938042898
2000-01-01	IT	tb	0.07531982844462459	0.0832316924779775
2000-01-01	ES	md	0.059348857560765335	0.0685771923114402
2000-01-01	ES	mdhfi	0.058817593036248124	0.06645845267759509
2000-01-01	ES	mdhi	0.09772158525590556	0.11522888281160282
2000-01-01	ES	mdhifi	0.09818894467788351	0.11295145095575343
2000-01-01	ES	mdhim	0.08108210331330672	0.09577767857371931
2000-01-01	ES	mdhimfi	0.08190743203411646	0.09422204630738916
2000-01-01	ES	tb	0.05199332283357362	0.059877970443439475
2000-01-01	NL	md	0.05616307736564962	0.07296512433899006
2000-01-01	NL	mdhfi	0.04943509299622532	0.06378471235273567
2000-01-01	NL	mdhi	0.09422135398342117	0.13156649808766407
2000-01-01	NL	mdhifi	0.08259720415726579	0.11644975421779748
2000-01-01	NL	mdhim	0.08696192174988464	0.1154633669073823
2000-01-01	NL	mdhimfi	0.061414051743771875	0.08658466474802858
2000-01-01	NL	tb	0.049726017513742136	0.06316417266615133
2000-01-01	BE	md	0.037151841960967345	0.0494174294911257
2000-01-01	BE	mdhfi	0.03840171792365043	0.04770678012515734
2000-01-01	BE	mdhi	0.04339741511111997	0.0661058123757519
2000-01-01	BE	mdhifi	0.04633065048265517	0.06422907440748239
2000-01-01	BE	mdhim	0.049637247087756166	0.07104774385852981
2000-01-01	BE	mdhimfi	0.0434721357547507	0.0602662603040587
2000-01-01	BE	tb	0.03753153225099018	0.048380541905613444
1999-01-01	DE	md	0.0483637028743128	0.05791211366397251
1999-01-01	DE	mdhfi	0.04764965056061587	0.05483491655542329
1999-01-01	DE	mdhi	0.06890386239377341	0.09158268021311622
1999-01-01	DE	mdhifi	0.06837491298743051	0.0860305066571035
1999-01-01	DE	mdhim	0.07527827392743067	0.09299557623581374
1999-01-01	DE	mdhimfi	0.052728007830781534	0.06634329800954568
1999-01-01	DE	tb	0.05247977073951625	0.060541460505143634
1999-01-01	FR	md	0.05450679363802891	0.06531982859931344
1999-01-01	FR	mdhfi	0.055646384984010325	0.06453221196385124
1999-01-01	FR	mdhi	0.10873280284406694	0.14685810997364046
1999-01-01	FR	mdhifi	0.11519284529516088	0.1474828814091213
1999-01-01	FR	mdhim	0.0749472033862908	0.0968848160132634
1999-01-01	FR	mdhimfi	0.06510085929890252	0.08334946746918553
1999-01-01	FR	tb	0.053939499125259756	0.06313510625834953
1999-01-01	IT	md	0.07295656373266825	0.08355575017368042
1999-01-01	IT	mdhfi	0.07298248852781489	0.0814724270230294
1999-01-01	IT	mdhi	0.11741385284791617	0.1411185349477173
1999-01-01	IT	mdhifi	0.11950241901448938	0.1389689746632815
1999-01-01	IT	mdhim	0.11002015934756496	0.12982960687932568
1999-01-01	IT	mdhimfi	0.09912195121987408	0.11526859490584485
1999-01-01	IT	tb	0.0701748992541554	0.07931513783500935
1999-01-01	ES	md	0.061125154632702426	0.06976001231230235
1999-01-01	ES	mdhfi	0.06086651981572161	0.06796251466132457
1999-01-01	ES	mdhi	0.10107416985931027	0.11738224828395313
1999-01-01	ES	mdhifi	0.10220550397930027	0.11586439124213116
1999-01-01	ES	mdhim	0.08413857662369371	0.09779690726219036
1999-01-01	ES	mdhimfi	0.08503562251686357	0.09639990267850458
1999-01-01	ES	tb	0.05361672858877594	0.06097299948919704
1999-01-01	NL	md	0.05613617019405426	0.0728711786533609
1999-01-01	NL	mdhfi	0.04803041760744363	0.06259076230397734
1999-01-01	NL	mdhi	0.09232554779592864	0.12911226781964288
1999-01-01	NL	mdhifi	0.07739334343699278	0.11130120629841281
1999-01-01	NL	mdhim	0.08664176846420919	0.11474916649583763
1999-01-01	NL	mdhimfi	0.05765095283179602	0.08290920522971944
1999-01-01	NL	tb	0.04975225569677284	0.06308035681619124
1999-01-01	BE	md	0.032748058904207566	0.04493583261268492
1999-01-01	BE	mdhfi	0.033939252008996494	0.044025172618891405
1999-01-01	BE	mdhi	0.03675009915035408	0.059295528042600444
1999-01-01	BE	mdhifi	0.03939615286726436	0.05880995147493449
1999-01-01	BE	mdhim	0.04259513372313401	0.06381526645547925
1999-01-01	BE	mdhimfi	0.036888939694309654	0.05506722345944587
1999-01-01	BE	tb	0.0337432572405538	0.044525843883276656
1998-01-01	DE	md	0.050928772668489664	0.059838754126583626
1998-01-01	DE	mdhfi	0.053597906702925566	0.05887752005139479
1998-01-01	DE	mdhi	0.07268903637444447	0.09377818180126116
1998-01-01	DE	mdhifi	0.08054787719366896	0.09348201169274037
1998-01-01	DE	mdhim	0.07891913078700859	0.09535367336882669
1998-01-01	DE	mdhimfi	0.061940836488549825	0.07188710866902714
1998-01-01	DE	tb	0.05545628291044469	0.06296629437668463
1998-01-01	FR	md	0.05780659607690794	0.0673960822795646
1998-01-01	FR	mdhfi	0.05946109611990552	0.06710729780684449
1998-01-01	FR	mdhi	0.11847024502472288	0.15265381426346533
1998-01-01	FR	mdhifi	0.1270454419108273	0.1551107190280559
1998-01-01	FR	mdhim	0.08195371783999676	0.10157770342698651
1998-01-01	FR	mdhimfi	0.07167453393938092	0.08750796823660538
1998-01-01	FR	tb	0.057239453945061254	0.06537049057456909
1998-01-01	IT	md	0.0734007611229957	0.082715801197668
1998-01-01	IT	mdhfi	0.0754539726663243	0.08163654232481156
1998-01-01	IT	mdhi	0.12062301001773734	0.14140983979464505
1998-01-01	IT	mdhifi	0.12750363857092956	0.14165207278326267
1998-01-01	IT	mdhim	0.11240620907951805	0.12981217090775954
1998-01-01	IT	mdhimfi	0.10596945823957496	0.11772835332071535
1998-01-01	IT	tb	0.07042695981514702	0.07845891009685248
1998-01-01	ES	md	0.06323047488821035	0.07262278056998599
1998-01-01	ES	mdhfi	0.062280466712627554	0.0698819599563126
1998-01-01	ES	mdhi	0.10475538741602804	0.12246791070738523
1998-01-01	ES	mdhifi	0.10469221259155974	0.11931360533517882
1998-01-01	ES	mdhim	0.08680831832008529	0.10161774477641994
1998-01-01	ES	mdhimfi	0.0869277784559497	0.09906817703643798
1998-01-01	ES	tb	0.05514690503232137	0.06312571200429493
1998-01-01	NL	md	0.058585641869724744	0.07579602679210555
1998-01-01	NL	mdhfi	0.050527954935501586	0.06563152334095179
1998-01-01	NL	mdhi	0.09605196663487114	0.13353779289562737
1998-01-01	NL	mdhifi	0.0815993450775579	0.11646675500989984
1998-01-01	NL	mdhim	0.08968727122517604	0.1183114600481663
1998-01-01	NL	mdhimfi	0.060719722970617424	0.08666526787398
1998-01-01	NL	tb	0.05166474350639815	0.06530331674535188
1998-01-01	BE	md	0.03731380514952957	0.05015606689254889
1998-01-01	BE	mdhfi	0.04083394520340975	0.05084185807050876
1998-01-01	BE	mdhi	0.04327646162265703	0.06704745043079265
1998-01-01	BE	mdhifi	0.05059851015491279	0.06988966318085396
1998-01-01	BE	mdhim	0.049774982645251355	0.07219944025368295
1998-01-01	BE	mdhimfi	0.04749018567758129	0.06559626106066505
1998-01-01	BE	tb	0.03727754062753324	0.048629328696744856
1997-01-01	DE	md	0.049999821915020635	0.05849984775618294
1997-01-01	DE	mdhfi	0.050664654725008244	0.05662692783283431
1997-01-01	DE	mdhi	0.06888632051139677	0.08888589784981997
1997-01-01	DE	mdhifi	0.07164900612949908	0.08616610904940995
1997-01-01	DE	mdhim	0.07629855843700907	0.09186797243130988
1997-01-01	DE	mdhimfi	0.05503937996828052	0.06619113749864272
1997-01-01	DE	tb	0.054957202758769676	0.062106738536870466
1997-01-01	FR	md	0.05312128036896641	0.06234048725296034
1997-01-01	FR	mdhfi	0.054436312019042435	0.06163590559623259
1997-01-01	FR	mdhi	0.10207424334748283	0.13476408068412657
1997-01-01	FR	mdhifi	0.10882081469145838	0.13507965827907747
1997-01-01	FR	mdhim	0.07295234978824876	0.09182922703424284
1997-01-01	FR	mdhimfi	0.06179867418908134	0.07671091063993284
1997-01-01	FR	tb	0.05333779147989873	0.06114028138242632
1997-01-01	IT	md	0.07016040196572561	0.08581340854345525
1997-01-01	IT	mdhfi	0.07411106118307961	0.08610483055954382
1997-01-01	IT	mdhi	0.11390559772791312	0.14893610166972368
1997-01-01	IT	mdhifi	0.12496159581199454	0.15247903408801697
1997-01-01	IT	mdhim	0.10705958889435079	0.13640072583898588
1997-01-01	IT	mdhimfi	0.10389798206891052	0.12677706175740874
1997-01-01	IT	tb	0.0680277661137151	0.08152897507300146
1997-01-01	ES	md	0.06542093550305939	0.07405729998859921
1997-01-01	ES	mdhfi	0.0648628884791743	0.07127149352082408
1997-01-01	ES	mdhi	0.10919185167672749	0.12549851161950049
1997-01-01	ES	mdhifi	0.11003936553491701	0.12238975628649831
1997-01-01	ES	mdhim	0.09043919579001526	0.10403553452624062
1997-01-01	ES	mdhimfi	0.09108468404898003	0.1013076750124482
1997-01-01	ES	tb	0.057025545353441544	0.06434904043715507
1997-01-01	NL	md	0.054110249151178	0.07130490507068195
1997-01-01	NL	mdhfi	0.045650182619471465	0.06069862255736278
1997-01-01	NL	mdhi	0.08648676476416371	0.12379364126229157
1997-01-01	NL	mdhifi	0.0705706276981279	0.10513094291275903
1997-01-01	NL	mdhim	0.08204684959902717	0.11043266220899346
1997-01-01	NL	mdhimfi	0.05233724727863624	0.07796819066705317
1997-01-01	NL	tb	0.04829177943268816	0.061858665830429
1997-01-01	BE	md	0.0384109712663188	0.04914685115451208
1997-01-01	BE	mdhfi	0.04077817709601286	0.04902884365634405
1997-01-01	BE	mdhi	0.04498766451465753	0.06494975968574696
1997-01-01	BE	mdhifi	0.05019246924649804	0.06619502853102333
1997-01-01	BE	mdhim	0.052033072215230944	0.07086042646852073
1997-01-01	BE	mdhimfi	0.04708958843501322	0.062102875127772836
1997-01-01	BE	tb	0.03854786889936158	0.04802096602073335
1996-01-01	DE	md	0.04795337057404318	0.055988620677074205
1996-01-01	DE	mdhfi	0.04897652806929275	0.05432081790775624
1996-01-01	DE	mdhi	0.06288625409665306	0.08162013396687774
1996-01-01	DE	mdhifi	0.06624088426216096	0.07912410947844663
1996-01-01	DE	mdhim	0.07208656952805355	0.08668182676038645
1996-01-01	DE	mdhimfi	0.05093789355402979	0.060844831874818796
1996-01-01	DE	tb	0.05357866392490546	0.06031910640673079
1996-01-01	FR	md	0.050722250837828144	0.05907840389355397
1996-01-01	FR	mdhfi	0.05132088848058661	0.0578005698300858
1996-01-01	FR	mdhi	0.09447599646984087	0.12360379215104798
1996-01-01	FR	mdhifi	0.09831181506727181	0.12152134151348351
1996-01-01	FR	mdhim	0.06801646900523253	0.085028271954178
1996-01-01	FR	mdhimfi	0.05650930050285622	0.06985005820914522
1996-01-01	FR	tb	0.050911451570156606	0.057974275485604354
1996-01-01	IT	md	0.07395294585778839	0.0882109408632616
1996-01-01	IT	mdhfi	0.07728740253586008	0.08719047894521098
1996-01-01	IT	mdhi	0.12170099420445309	0.15349205597144108
1996-01-01	IT	mdhifi	0.13146761751255068	0.15409618802365074
1996-01-01	IT	mdhim	0.11419280656047555	0.1408821482228926
1996-01-01	IT	mdhimfi	0.10957929980862761	0.12844039244263528
1996-01-01	IT	tb	0.07157123373993557	0.08386810290760949
1996-01-01	ES	md	0.07035561587806731	0.07699737900096952
1996-01-01	ES	mdhfi	0.06915376099585525	0.07438697913563273
1996-01-01	ES	mdhi	0.11922956436570707	0.1318233634127823
1996-01-01	ES	mdhifi	0.11905839163357532	0.1291881811647584
1996-01-01	ES	mdhim	0.0987401377582752	0.10920412347346317
1996-01-01	ES	mdhimfi	0.09819143547092074	0.10654581151647008
1996-01-01	ES	tb	0.0613471993266581	0.0669736018123013
1996-01-01	NL	md	0.0489212955642966	0.06414861926104391
1996-01-01	NL	mdhfi	0.03979819804003684	0.05284207532365216
1996-01-01	NL	mdhi	0.07654515223079152	0.10934876368389627
1996-01-01	NL	mdhifi	0.05876241648593362	0.08851011998395758
1996-01-01	NL	mdhim	0.07309253430749382	0.09801661458801589
1996-01-01	NL	mdhimfi	0.04350382712688981	0.06552706966508252
1996-01-01	NL	tb	0.04322922087437487	0.055195105436430775
1996-01-01	BE	md	0.037960880927214426	0.04796152932663263
1996-01-01	BE	mdhfi	0.03894049581541935	0.0467311364139969
1996-01-01	BE	mdhi	0.04335842100715162	0.061986026581121796
1996-01-01	BE	mdhifi	0.04575726924924794	0.06088656301282506
1996-01-01	BE	mdhim	0.051043934474945055	0.0685780785097244
1996-01-01	BE	mdhimfi	0.04283996478201672	0.05700467396686568
1996-01-01	BE	tb	0.03902207166646027	0.04782380979937493
1995-01-01	DE	md	0.049368527094366094	0.056152370158590106
1995-01-01	DE	mdhfi	0.050924936470961024	0.055251275292294726
1995-01-01	DE	mdhi	0.06608721592342197	0.08174142492687436
1995-01-01	DE	mdhifi	0.07078816903920636	0.08110616237360802
1995-01-01	DE	mdhim	0.07377103087827887	0.08596988996668554
1995-01-01	DE	mdhimfi	0.05445208891509381	0.06238895602291529
1995-01-01	DE	tb	0.053837767589749806	0.05951463719425583
1995-01-01	FR	md	0.053235008117820566	0.060562564196399826
1995-01-01	FR	mdhfi	0.05260720159440104	0.059102711790989255
1995-01-01	FR	mdhi	0.10342673936555374	0.12848614150940668
1995-01-01	FR	mdhifi	0.1031100021890534	0.12591497971813073
1995-01-01	FR	mdhim	0.07287175786922649	0.08768052031922564
1995-01-01	FR	mdhimfi	0.060009408366368366	0.0732817697306817
1995-01-01	FR	tb	0.05281032323368172	0.05900351917964641
1995-01-01	IT	md	0.0752346224530959	0.08771299360196187
1995-01-01	IT	mdhfi	0.07807134250268621	0.08668229810741045
1995-01-01	IT	mdhi	0.12508600694303335	0.15285380802873452
1995-01-01	IT	mdhifi	0.13377271309188643	0.1534041938690896
1995-01-01	IT	mdhim	0.11704882329566928	0.14040519866139417
1995-01-01	IT	mdhimfi	0.11173017711381568	0.12812686051468788
1995-01-01	IT	tb	0.07268932032358338	0.08344142777259723
1995-01-01	ES	md	0.06979405572571615	0.07608360693249909
1995-01-01	ES	mdhfi	0.06864646501905489	0.07340913609684968
1995-01-01	ES	mdhi	0.11879447913816192	0.1307552460412697
1995-01-01	ES	mdhifi	0.11872958843105337	0.12797628560324684
1995-01-01	ES	mdhim	0.09781751346267224	0.10772380711753785
1995-01-01	ES	mdhimfi	0.09759563599920353	0.10519641440109538
1995-01-01	ES	tb	0.06048366709405108	0.06580735625329413
1995-01-01	NL	md	0.04898680797266606	0.0611409891409792
1995-01-01	NL	mdhfi	0.03940327689933932	0.0495501491530944
1995-01-01	NL	mdhi	0.0762421580876046	0.10207971665580776
1995-01-01	NL	mdhifi	0.05765649739196539	0.08046675389531362
1995-01-01	NL	mdhim	0.07239607712172536	0.09206787485870886
1995-01-01	NL	mdhimfi	0.042789333260485014	0.05971779252230146
1995-01-01	NL	tb	0.04328223317847116	0.05280637056636943
1995-01-01	BE	md	0.04284627636441905	0.05176895373526185
1995-01-01	BE	mdhfi	0.0429522521995339	0.04991549432621201
1995-01-01	BE	mdhi	0.05141575093982142	0.0680460256152731
1995-01-01	BE	mdhifi	0.05242905287896086	0.0659738435831828
1995-01-01	BE	mdhim	0.05938877295013039	0.07505124348112904
1995-01-01	BE	mdhimfi	0.049108741717191304	0.06179574618859903
1995-01-01	BE	tb	0.04390233340596627	0.05173962308561148
